{
  "results": [
    {
      "command": "pdf22png_objc",
      "mean": 0.5487794171999999,
      "stddev": 0.057772066369917434,
      "median": 0.5491758687,
      "user": 4.95188078,
      "system": 1.35751278,
      "min": 0.4804353077,
      "max": 0.6503431187000001,
      "times": [
        0.5528477717,
        0.4826894297,
        0.4804353077,
        0.5032940037,
        0.5098721497,
        0.5645380767,
        0.6503431187000001,
        0.5455039657,
        0.6287560907,
        0.5695142577
      ],
      "exit_codes": [
        0,
        0,
        0,
        0,
        0,
        0,
        0,
        0,
        0,
        0
      ]
    },
    {
      "command": "pdf22png_swift",
      "mean": 16.2998415,
      "stddev": 3.274953147137315,
      "median": 15.260866011200001,
      "user": 14.729917179999996,
      "system": 0.82536778,
      "min": 13.2694022207,
      "max": 23.1470729467,
      "times": [
        23.1470729467,
        21.3758805217,
        16.0973610697,
        15.6821514567,
        15.3865742647,
        14.2923687357,
        13.2694022207,
        14.5314888177,
        14.0809572087,
        15.1351577577
      ],
      "exit_codes": [
        0,
        0,
        0,
        0,
        0,
        0,
        0,
        0,
        0,
        0
      ]
    }
  ]
}
