{
  "results": [
    {
      "command": "pdf22png_objc",
      "mean": 0.13029319598,
      "stddev": 0.03485117675823508,
      "median": 0.12130406528000001,
      "user": 0.48847006000000004,
      "system": 0.14307911999999998,
      "min": 0.10131533028,
      "max": 0.19801191228000004,
      "times": [
        0.18818516728,
        0.10192622328,
        0.11287770228,
        0.19801191228000004,
        0.13338304028000003,
        0.11975314728000001,
        0.12285498328000001,
        0.10173306628,
        0.10131533028,
        0.12289138728
      ],
      "exit_codes": [
        0,
        0,
        0,
        0,
        0,
        0,
        0,
        0,
        0,
        0
      ]
    },
    {
      "command": "pdf22png_swift",
      "mean": 1.47334435688,
      "stddev": 0.09420046228007337,
      "median": 1.45429445728,
      "user": 1.2461870599999998,
      "system": 0.07717632,
      "min": 1.34461015028,
      "max": 1.65719096828,
      "times": [
        1.59460937428,
        1.4969378632800001,
        1.4822585182799999,
        1.65719096828,
        1.44522404528,
        1.36736666828,
        1.45960360328,
        1.44898531128,
        1.43665706628,
        1.34461015028
      ],
      "exit_codes": [
        0,
        0,
        0,
        0,
        0,
        0,
        0,
        0,
        0,
        0
      ]
    }
  ]
}
