{
  "results": [
    {
      "command": "pdf22png_objc",
      "mean": 0.27789383230000003,
      "stddev": 0.0416533989476929,
      "median": 0.2778768387,
      "user": 1.5767761999999999,
      "system": 0.38252207999999993,
      "min": 0.21644627070000003,
      "max": 0.32864909270000003,
      "times": [
        0.32864909270000003,
        0.21644627070000003,
        0.2227430817,
        0.31715891570000004,
        0.27327650070000004,
        0.2824771767,
        0.24551696970000003,
        0.2576074507,
        0.3133245637,
        0.32173830070000004
      ],
      "exit_codes": [
        0,
        0,
        0,
        0,
        0,
        0,
        0,
        0,
        0,
        0
      ]
    },
    {
      "command": "pdf22png_swift",
      "mean": 5.3723420469,
      "stddev": 0.16983088516905684,
      "median": 5.368129160700001,
      "user": 4.869487,
      "system": 0.24802118,
      "min": 5.1478480917,
      "max": 5.6746700457,
      "times": [
        5.4618853887,
        5.4487719327,
        5.1478480917,
        5.1548143747,
        5.5451477337,
        5.6746700457,
        5.3824380907,
        5.3407416687,
        5.2132829117,
        5.3538202307
      ],
      "exit_codes": [
        0,
        0,
        0,
        0,
        0,
        0,
        0,
        0,
        0,
        0
      ]
    }
  ]
}
